[
  {
    "trybuna": "III im. H. Czapczyka",
    "sektor": "10",
    "poziom_dostepnosci": 1,
    "status": "Dostępne"
  },
  {
    "trybuna": "III im. H. Czapczyka",
    "sektor": "25",
    "poziom_dostepnosci": 1,
    "status": "Dostępne"
  },
  {
    "trybuna": "III im. H. Czapczyka",
    "sektor": "26",
    "poziom_dostepnosci": 1,
    "status": "Dostępne"
  },
  {
    "trybuna": "III im. H. Czapczyka",
    "sektor": "27",
    "poziom_dostepnosci": 1,
    "status": "Dostępne"
  },
  {
    "trybuna": "III im. H. Czapczyka",
    "sektor": "28",
    "poziom_dostepnosci": 1,
    "status": "Dostępne"
  },
  {
    "trybuna": "III im. H. Czapczyka",
    "sektor": "29",
    "poziom_dostepnosci": 1,
    "status": "Dostępne"
  },
  {
    "trybuna": "III im. H. Czapczyka",
    "sektor": "7",
    "poziom_dostepnosci": 1,
    "status": "Dostępne"
  },
  {
    "trybuna": "III im. H. Czapczyka",
    "sektor": "A1",
    "poziom_dostepnosci": 14,
    "status": "Dostępne"
  },
  {
    "trybuna": "III im. H. Czapczyka",
    "sektor": "A2",
    "poziom_dostepnosci": 36,
    "status": "Prawie pusta"
  },
  {
    "trybuna": "III im. H. Czapczyka",
    "sektor": "A3",
    "poziom_dostepnosci": 26,
    "status": "Mała liczba miejsc"
  },
  {
    "trybuna": "III im. H. Czapczyka",
    "sektor": "A4",
    "poziom_dostepnosci": 12,
    "status": "Dostępne"
  },
  {
    "trybuna": "III im. H. Czapczyka",
    "sektor": "B1",
    "poziom_dostepnosci": 13,
    "status": "Dostępne"
  },
  {
    "trybuna": "III im. H. Czapczyka",
    "sektor": "B17",
    "poziom_dostepnosci": 1,
    "status": "Dostępne"
  },
  {
    "trybuna": "III im. H. Czapczyka",
    "sektor": "B2",
    "poziom_dostepnosci": 20,
    "status": "Mała liczba miejsc"
  },
  {
    "trybuna": "III im. H. Czapczyka",
    "sektor": "B3",
    "poziom_dostepnosci": 16,
    "status": "Dostępne"
  },
  {
    "trybuna": "III im. H. Czapczyka",
    "sektor": "B4",
    "poziom_dostepnosci": 22,
    "status": "Mała liczba miejsc"
  },
  {
    "trybuna": "III im. H. Czapczyka",
    "sektor": "BL",
    "poziom_dostepnosci": 1,
    "status": "Dostępne"
  },
  {
    "trybuna": "III im. H. Czapczyka",
    "sektor": "C1",
    "poziom_dostepnosci": 13,
    "status": "Dostępne"
  },
  {
    "trybuna": "III im. H. Czapczyka",
    "sektor": "C2",
    "poziom_dostepnosci": 20,
    "status": "Mała liczba miejsc"
  },
  {
    "trybuna": "III im. H. Czapczyka",
    "sektor": "C3",
    "poziom_dostepnosci": 34,
    "status": "Prawie pusta"
  },
  {
    "trybuna": "III im. H. Czapczyka",
    "sektor": "C4",
    "poziom_dostepnosci": 20,
    "status": "Mała liczba miejsc"
  },
  {
    "trybuna": "III im. H. Czapczyka",
    "sektor": "D1",
    "poziom_dostepnosci": 14,
    "status": "Dostępne"
  },
  {
    "trybuna": "III im. H. Czapczyka",
    "sektor": "D2",
    "poziom_dostepnosci": 22,
    "status": "Mała liczba miejsc"
  },
  {
    "trybuna": "III im. H. Czapczyka",
    "sektor": "D3",
    "poziom_dostepnosci": 18,
    "status": "Dostępne"
  },
  {
    "trybuna": "III im. H. Czapczyka",
    "sektor": "D4",
    "poziom_dostepnosci": 24,
    "status": "Mała liczba miejsc"
  },
  {
    "trybuna": "III im. H. Czapczyka",
    "sektor": "Dziecięcy Business Lounge",
    "poziom_dostepnosci": 1,
    "status": "Dostępne"
  },
  {
    "trybuna": "III im. H. Czapczyka",
    "sektor": "E1",
    "poziom_dostepnosci": 15,
    "status": "Dostępne"
  },
  {
    "trybuna": "III im. H. Czapczyka",
    "sektor": "E2",
    "poziom_dostepnosci": 20,
    "status": "Mała liczba miejsc"
  },
  {
    "trybuna": "III im. H. Czapczyka",
    "sektor": "E3",
    "poziom_dostepnosci": 24,
    "status": "Mała liczba miejsc"
  },
  {
    "trybuna": "III im. H. Czapczyka",
    "sektor": "E4",
    "poziom_dostepnosci": 24,
    "status": "Mała liczba miejsc"
  },
  {
    "trybuna": "III im. H. Czapczyka",
    "sektor": "F1",
    "poziom_dostepnosci": 16,
    "status": "Dostępne"
  },
  {
    "trybuna": "III im. H. Czapczyka",
    "sektor": "F2",
    "poziom_dostepnosci": 20,
    "status": "Mała liczba miejsc"
  },
  {
    "trybuna": "III im. H. Czapczyka",
    "sektor": "F3",
    "poziom_dostepnosci": 30,
    "status": "Prawie pusta"
  },
  {
    "trybuna": "III im. H. Czapczyka",
    "sektor": "F4",
    "poziom_dostepnosci": 26,
    "status": "Mała liczba miejsc"
  },
  {
    "trybuna": "III im. H. Czapczyka",
    "sektor": "G1",
    "poziom_dostepnosci": 16,
    "status": "Dostępne"
  },
  {
    "trybuna": "III im. H. Czapczyka",
    "sektor": "G2",
    "poziom_dostepnosci": 22,
    "status": "Mała liczba miejsc"
  },
  {
    "trybuna": "III im. H. Czapczyka",
    "sektor": "G3",
    "poziom_dostepnosci": 34,
    "status": "Prawie pusta"
  },
  {
    "trybuna": "III im. H. Czapczyka",
    "sektor": "G4",
    "poziom_dostepnosci": 26,
    "status": "Mała liczba miejsc"
  },
  {
    "trybuna": "III im. H. Czapczyka",
    "sektor": "H1",
    "poziom_dostepnosci": 16,
    "status": "Dostępne"
  },
  {
    "trybuna": "III im. H. Czapczyka",
    "sektor": "H2",
    "poziom_dostepnosci": 23,
    "status": "Mała liczba miejsc"
  },
  {
    "trybuna": "III im. H. Czapczyka",
    "sektor": "H3",
    "poziom_dostepnosci": 36,
    "status": "Prawie pusta"
  },
  {
    "trybuna": "III im. H. Czapczyka",
    "sektor": "H4",
    "poziom_dostepnosci": 25,
    "status": "Mała liczba miejsc"
  },
  {
    "trybuna": "III im. H. Czapczyka",
    "sektor": "I1",
    "poziom_dostepnosci": 17,
    "status": "Dostępne"
  },
  {
    "trybuna": "III im. H. Czapczyka",
    "sektor": "I2",
    "poziom_dostepnosci": 24,
    "status": "Mała liczba miejsc"
  },
  {
    "trybuna": "III im. H. Czapczyka",
    "sektor": "I3",
    "poziom_dostepnosci": 34,
    "status": "Prawie pusta"
  },
  {
    "trybuna": "III im. H. Czapczyka",
    "sektor": "I4",
    "poziom_dostepnosci": 26,
    "status": "Mała liczba miejsc"
  },
  {
    "trybuna": "III im. H. Czapczyka",
    "sektor": "J1",
    "poziom_dostepnosci": 16,
    "status": "Dostępne"
  },
  {
    "trybuna": "III im. H. Czapczyka",
    "sektor": "J2",
    "poziom_dostepnosci": 22,
    "status": "Mała liczba miejsc"
  },
  {
    "trybuna": "III im. H. Czapczyka",
    "sektor": "J3",
    "poziom_dostepnosci": 36,
    "status": "Prawie pusta"
  },
  {
    "trybuna": "III im. H. Czapczyka",
    "sektor": "J4",
    "poziom_dostepnosci": 25,
    "status": "Mała liczba miejsc"
  },
  {
    "trybuna": "III im. H. Czapczyka",
    "sektor": "K1",
    "poziom_dostepnosci": 16,
    "status": "Dostępne"
  },
  {
    "trybuna": "III im. H. Czapczyka",
    "sektor": "K2",
    "poziom_dostepnosci": 19,
    "status": "Dostępne"
  },
  {
    "trybuna": "III im. H. Czapczyka",
    "sektor": "K3",
    "poziom_dostepnosci": 34,
    "status": "Prawie pusta"
  },
  {
    "trybuna": "III im. H. Czapczyka",
    "sektor": "K4",
    "poziom_dostepnosci": 23,
    "status": "Mała liczba miejsc"
  },
  {
    "trybuna": "III im. H. Czapczyka",
    "sektor": "L1",
    "poziom_dostepnosci": 15,
    "status": "Dostępne"
  },
  {
    "trybuna": "III im. H. Czapczyka",
    "sektor": "L2",
    "poziom_dostepnosci": 19,
    "status": "Dostępne"
  },
  {
    "trybuna": "III im. H. Czapczyka",
    "sektor": "L3",
    "poziom_dostepnosci": 36,
    "status": "Prawie pusta"
  },
  {
    "trybuna": "III im. H. Czapczyka",
    "sektor": "L4",
    "poziom_dostepnosci": 21,
    "status": "Mała liczba miejsc"
  },
  {
    "trybuna": "III im. H. Czapczyka",
    "sektor": "M1",
    "poziom_dostepnosci": 14,
    "status": "Dostępne"
  },
  {
    "trybuna": "III im. H. Czapczyka",
    "sektor": "M2",
    "poziom_dostepnosci": 22,
    "status": "Mała liczba miejsc"
  },
  {
    "trybuna": "III im. H. Czapczyka",
    "sektor": "M3",
    "poziom_dostepnosci": 34,
    "status": "Prawie pusta"
  },
  {
    "trybuna": "III im. H. Czapczyka",
    "sektor": "M4",
    "poziom_dostepnosci": 20,
    "status": "Mała liczba miejsc"
  },
  {
    "trybuna": "III im. H. Czapczyka",
    "sektor": "Murawa",
    "poziom_dostepnosci": 1,
    "status": "Dostępne"
  },
  {
    "trybuna": "III im. H. Czapczyka",
    "sektor": "N1",
    "poziom_dostepnosci": 14,
    "status": "Dostępne"
  },
  {
    "trybuna": "III im. H. Czapczyka",
    "sektor": "N2",
    "poziom_dostepnosci": 28,
    "status": "Mała liczba miejsc"
  },
  {
    "trybuna": "III im. H. Czapczyka",
    "sektor": "N3",
    "poziom_dostepnosci": 36,
    "status": "Prawie pusta"
  },
  {
    "trybuna": "III im. H. Czapczyka",
    "sektor": "N4",
    "poziom_dostepnosci": 14,
    "status": "Dostępne"
  },
  {
    "trybuna": "III im. H. Czapczyka",
    "sektor": "O3",
    "poziom_dostepnosci": 34,
    "status": "Prawie pusta"
  },
  {
    "trybuna": "III im. H. Czapczyka",
    "sektor": "P3",
    "poziom_dostepnosci": 36,
    "status": "Prawie pusta"
  },
  {
    "trybuna": "III im. H. Czapczyka",
    "sektor": "R3",
    "poziom_dostepnosci": 34,
    "status": "Prawie pusta"
  },
  {
    "trybuna": "III im. H. Czapczyka",
    "sektor": "S3",
    "poziom_dostepnosci": 38,
    "status": "Prawie pusta"
  },
  {
    "trybuna": "III im. H. Czapczyka",
    "sektor": "SILVER",
    "poziom_dostepnosci": 1,
    "status": "Dostępne"
  },
  {
    "trybuna": "III im. H. Czapczyka",
    "sektor": "Skybox 20",
    "poziom_dostepnosci": 1,
    "status": "Dostępne"
  },
  {
    "trybuna": "III im. H. Czapczyka",
    "sektor": "Skybox 21",
    "poziom_dostepnosci": 1,
    "status": "Dostępne"
  },
  {
    "trybuna": "III im. H. Czapczyka",
    "sektor": "Skybox 22",
    "poziom_dostepnosci": 1,
    "status": "Dostępne"
  },
  {
    "trybuna": "III im. H. Czapczyka",
    "sektor": "Skybox 23",
    "poziom_dostepnosci": 1,
    "status": "Dostępne"
  },
  {
    "trybuna": "III im. H. Czapczyka",
    "sektor": "Skybox 24",
    "poziom_dostepnosci": 1,
    "status": "Dostępne"
  },
  {
    "trybuna": "III im. H. Czapczyka",
    "sektor": "Skybox 25",
    "poziom_dostepnosci": 1,
    "status": "Dostępne"
  },
  {
    "trybuna": "III im. H. Czapczyka",
    "sektor": "Skybox 26",
    "poziom_dostepnosci": 1,
    "status": "Dostępne"
  },
  {
    "trybuna": "III im. H. Czapczyka",
    "sektor": "Skybox 27",
    "poziom_dostepnosci": 1,
    "status": "Dostępne"
  },
  {
    "trybuna": "III im. H. Czapczyka",
    "sektor": "Skybox 28",
    "poziom_dostepnosci": 1,
    "status": "Dostępne"
  },
  {
    "trybuna": "III im. H. Czapczyka",
    "sektor": "Skybox 29",
    "poziom_dostepnosci": 1,
    "status": "Dostępne"
  },
  {
    "trybuna": "III im. H. Czapczyka",
    "sektor": "Skybox 30",
    "poziom_dostepnosci": 1,
    "status": "Dostępne"
  },
  {
    "trybuna": "III im. H. Czapczyka",
    "sektor": "Skybox 31",
    "poziom_dostepnosci": 1,
    "status": "Dostępne"
  },
  {
    "trybuna": "III im. H. Czapczyka",
    "sektor": "Skybox 32",
    "poziom_dostepnosci": 1,
    "status": "Dostępne"
  },
  {
    "trybuna": "III im. H. Czapczyka",
    "sektor": "Skybox 33",
    "poziom_dostepnosci": 1,
    "status": "Dostępne"
  },
  {
    "trybuna": "III im. H. Czapczyka",
    "sektor": "Skybox 34",
    "poziom_dostepnosci": 1,
    "status": "Dostępne"
  },
  {
    "trybuna": "III im. H. Czapczyka",
    "sektor": "Skybox 35",
    "poziom_dostepnosci": 1,
    "status": "Dostępne"
  },
  {
    "trybuna": "III im. H. Czapczyka",
    "sektor": "Skybox 36",
    "poziom_dostepnosci": 1,
    "status": "Dostępne"
  },
  {
    "trybuna": "III im. H. Czapczyka",
    "sektor": "Skybox 37",
    "poziom_dostepnosci": 1,
    "status": "Dostępne"
  },
  {
    "trybuna": "III im. H. Czapczyka",
    "sektor": "Skybox 38",
    "poziom_dostepnosci": 1,
    "status": "Dostępne"
  },
  {
    "trybuna": "III im. H. Czapczyka",
    "sektor": "Skybox 39",
    "poziom_dostepnosci": 1,
    "status": "Dostępne"
  },
  {
    "trybuna": "III im. H. Czapczyka",
    "sektor": "T3",
    "poziom_dostepnosci": 9,
    "status": "Dostępne"
  },
  {
    "trybuna": "II Kocioł",
    "sektor": "23",
    "poziom_dostepnosci": 1,
    "status": "Dostępne"
  },
  {
    "trybuna": "II Kocioł",
    "sektor": "24",
    "poziom_dostepnosci": 1,
    "status": "Dostępne"
  },
  {
    "trybuna": "II Kocioł",
    "sektor": "4",
    "poziom_dostepnosci": 1,
    "status": "Dostępne"
  },
  {
    "trybuna": "II Kocioł",
    "sektor": "5",
    "poziom_dostepnosci": 1,
    "status": "Dostępne"
  },
  {
    "trybuna": "II Kocioł",
    "sektor": "6",
    "poziom_dostepnosci": 1,
    "status": "Dostępne"
  },
  {
    "trybuna": "II Kocioł",
    "sektor": "A1",
    "poziom_dostepnosci": 11,
    "status": "Dostępne"
  },
  {
    "trybuna": "II Kocioł",
    "sektor": "A2",
    "poziom_dostepnosci": 13,
    "status": "Dostępne"
  },
  {
    "trybuna": "II Kocioł",
    "sektor": "A3",
    "poziom_dostepnosci": 27,
    "status": "Mała liczba miejsc"
  },
  {
    "trybuna": "II Kocioł",
    "sektor": "B1",
    "poziom_dostepnosci": 18,
    "status": "Dostępne"
  },
  {
    "trybuna": "II Kocioł",
    "sektor": "B2",
    "poziom_dostepnosci": 12,
    "status": "Dostępne"
  },
  {
    "trybuna": "II Kocioł",
    "sektor": "B3",
    "poziom_dostepnosci": 15,
    "status": "Dostępne"
  },
  {
    "trybuna": "II Kocioł",
    "sektor": "C1",
    "poziom_dostepnosci": 15,
    "status": "Dostępne"
  },
  {
    "trybuna": "II Kocioł",
    "sektor": "C2",
    "poziom_dostepnosci": 12,
    "status": "Dostępne"
  },
  {
    "trybuna": "II Kocioł",
    "sektor": "C3",
    "poziom_dostepnosci": 12,
    "status": "Dostępne"
  },
  {
    "trybuna": "II Kocioł",
    "sektor": "D1",
    "poziom_dostepnosci": 18,
    "status": "Dostępne"
  },
  {
    "trybuna": "II Kocioł",
    "sektor": "D2",
    "poziom_dostepnosci": 17,
    "status": "Dostępne"
  },
  {
    "trybuna": "II Kocioł",
    "sektor": "D3",
    "poziom_dostepnosci": 15,
    "status": "Dostępne"
  },
  {
    "trybuna": "II Kocioł",
    "sektor": "E1",
    "poziom_dostepnosci": 16,
    "status": "Dostępne"
  },
  {
    "trybuna": "II Kocioł",
    "sektor": "E2",
    "poziom_dostepnosci": 17,
    "status": "Dostępne"
  },
  {
    "trybuna": "II Kocioł",
    "sektor": "E3",
    "poziom_dostepnosci": 12,
    "status": "Dostępne"
  },
  {
    "trybuna": "II Kocioł",
    "sektor": "F1",
    "poziom_dostepnosci": 19,
    "status": "Dostępne"
  },
  {
    "trybuna": "II Kocioł",
    "sektor": "F2",
    "poziom_dostepnosci": 13,
    "status": "Dostępne"
  },
  {
    "trybuna": "II Kocioł",
    "sektor": "F3",
    "poziom_dostepnosci": 15,
    "status": "Dostępne"
  },
  {
    "trybuna": "II Kocioł",
    "sektor": "G1",
    "poziom_dostepnosci": 16,
    "status": "Dostępne"
  },
  {
    "trybuna": "II Kocioł",
    "sektor": "G2",
    "poziom_dostepnosci": 12,
    "status": "Dostępne"
  },
  {
    "trybuna": "II Kocioł",
    "sektor": "G3",
    "poziom_dostepnosci": 12,
    "status": "Dostępne"
  },
  {
    "trybuna": "II Kocioł",
    "sektor": "H1",
    "poziom_dostepnosci": 19,
    "status": "Dostępne"
  },
  {
    "trybuna": "II Kocioł",
    "sektor": "H2",
    "poziom_dostepnosci": 17,
    "status": "Dostępne"
  },
  {
    "trybuna": "II Kocioł",
    "sektor": "H3",
    "poziom_dostepnosci": 15,
    "status": "Dostępne"
  },
  {
    "trybuna": "II Kocioł",
    "sektor": "I1",
    "poziom_dostepnosci": 17,
    "status": "Dostępne"
  },
  {
    "trybuna": "II Kocioł",
    "sektor": "I2",
    "poziom_dostepnosci": 17,
    "status": "Dostępne"
  },
  {
    "trybuna": "II Kocioł",
    "sektor": "I3",
    "poziom_dostepnosci": 12,
    "status": "Dostępne"
  },
  {
    "trybuna": "II Kocioł",
    "sektor": "J1",
    "poziom_dostepnosci": 8,
    "status": "Dostępne"
  },
  {
    "trybuna": "II Kocioł",
    "sektor": "J2",
    "poziom_dostepnosci": 12,
    "status": "Dostępne"
  },
  {
    "trybuna": "II Kocioł",
    "sektor": "J3",
    "poziom_dostepnosci": 15,
    "status": "Dostępne"
  },
  {
    "trybuna": "II Kocioł",
    "sektor": "K2",
    "poziom_dostepnosci": 13,
    "status": "Dostępne"
  },
  {
    "trybuna": "II Kocioł",
    "sektor": "K3",
    "poziom_dostepnosci": 12,
    "status": "Dostępne"
  },
  {
    "trybuna": "II Kocioł",
    "sektor": "Kocioł",
    "poziom_dostepnosci": 1,
    "status": "Dostępne"
  },
  {
    "trybuna": "II Kocioł",
    "sektor": "L2",
    "poziom_dostepnosci": 13,
    "status": "Dostępne"
  },
  {
    "trybuna": "II Kocioł",
    "sektor": "L3",
    "poziom_dostepnosci": 15,
    "status": "Dostępne"
  },
  {
    "trybuna": "II Kocioł",
    "sektor": "M3",
    "poziom_dostepnosci": 12,
    "status": "Dostępne"
  },
  {
    "trybuna": "II Kocioł",
    "sektor": "N3",
    "poziom_dostepnosci": 15,
    "status": "Dostępne"
  },
  {
    "trybuna": "II Kocioł",
    "sektor": "O3",
    "poziom_dostepnosci": 12,
    "status": "Dostępne"
  },
  {
    "trybuna": "II Kocioł",
    "sektor": "P3",
    "poziom_dostepnosci": 15,
    "status": "Dostępne"
  },
  {
    "trybuna": "II Kocioł",
    "sektor": "R3",
    "poziom_dostepnosci": 12,
    "status": "Dostępne"
  },
  {
    "trybuna": "II Kocioł",
    "sektor": "S3",
    "poziom_dostepnosci": 14,
    "status": "Dostępne"
  },
  {
    "trybuna": "I im. T. Anioły",
    "sektor": "18",
    "poziom_dostepnosci": 1,
    "status": "Dostępne"
  },
  {
    "trybuna": "I im. T. Anioły",
    "sektor": "19",
    "poziom_dostepnosci": 1,
    "status": "Dostępne"
  },
  {
    "trybuna": "I im. T. Anioły",
    "sektor": "20",
    "poziom_dostepnosci": 1,
    "status": "Dostępne"
  },
  {
    "trybuna": "I im. T. Anioły",
    "sektor": "21",
    "poziom_dostepnosci": 1,
    "status": "Dostępne"
  },
  {
    "trybuna": "I im. T. Anioły",
    "sektor": "22",
    "poziom_dostepnosci": 1,
    "status": "Dostępne"
  },
  {
    "trybuna": "I im. T. Anioły",
    "sektor": "3",
    "poziom_dostepnosci": 1,
    "status": "Dostępne"
  },
  {
    "trybuna": "I im. T. Anioły",
    "sektor": "A1",
    "poziom_dostepnosci": 22,
    "status": "Mała liczba miejsc"
  },
  {
    "trybuna": "I im. T. Anioły",
    "sektor": "A2",
    "poziom_dostepnosci": 22,
    "status": "Mała liczba miejsc"
  },
  {
    "trybuna": "I im. T. Anioły",
    "sektor": "A3",
    "poziom_dostepnosci": 9,
    "status": "Dostępne"
  },
  {
    "trybuna": "I im. T. Anioły",
    "sektor": "A4",
    "poziom_dostepnosci": 13,
    "status": "Dostępne"
  },
  {
    "trybuna": "I im. T. Anioły",
    "sektor": "B1",
    "poziom_dostepnosci": 14,
    "status": "Dostępne"
  },
  {
    "trybuna": "I im. T. Anioły",
    "sektor": "B2",
    "poziom_dostepnosci": 18,
    "status": "Dostępne"
  },
  {
    "trybuna": "I im. T. Anioły",
    "sektor": "B3",
    "poziom_dostepnosci": 37,
    "status": "Prawie pusta"
  },
  {
    "trybuna": "I im. T. Anioły",
    "sektor": "B4",
    "poziom_dostepnosci": 20,
    "status": "Mała liczba miejsc"
  },
  {
    "trybuna": "I im. T. Anioły",
    "sektor": "C1",
    "poziom_dostepnosci": 14,
    "status": "Dostępne"
  },
  {
    "trybuna": "I im. T. Anioły",
    "sektor": "C2",
    "poziom_dostepnosci": 23,
    "status": "Mała liczba miejsc"
  },
  {
    "trybuna": "I im. T. Anioły",
    "sektor": "C3",
    "poziom_dostepnosci": 34,
    "status": "Prawie pusta"
  },
  {
    "trybuna": "I im. T. Anioły",
    "sektor": "C4",
    "poziom_dostepnosci": 25,
    "status": "Mała liczba miejsc"
  },
  {
    "trybuna": "I im. T. Anioły",
    "sektor": "D1",
    "poziom_dostepnosci": 16,
    "status": "Dostępne"
  },
  {
    "trybuna": "I im. T. Anioły",
    "sektor": "D2",
    "poziom_dostepnosci": 24,
    "status": "Mała liczba miejsc"
  },
  {
    "trybuna": "I im. T. Anioły",
    "sektor": "D3",
    "poziom_dostepnosci": 24,
    "status": "Mała liczba miejsc"
  },
  {
    "trybuna": "I im. T. Anioły",
    "sektor": "D4",
    "poziom_dostepnosci": 27,
    "status": "Mała liczba miejsc"
  },
  {
    "trybuna": "I im. T. Anioły",
    "sektor": "Dziecięcy Gold",
    "poziom_dostepnosci": 1,
    "status": "Dostępne"
  },
  {
    "trybuna": "I im. T. Anioły",
    "sektor": "Dziecięcy Silver",
    "poziom_dostepnosci": 1,
    "status": "Dostępne"
  },
  {
    "trybuna": "I im. T. Anioły",
    "sektor": "E",
    "poziom_dostepnosci": 31,
    "status": "Prawie pusta"
  },
  {
    "trybuna": "I im. T. Anioły",
    "sektor": "E3",
    "poziom_dostepnosci": 33,
    "status": "Prawie pusta"
  },
  {
    "trybuna": "I im. T. Anioły",
    "sektor": "E4",
    "poziom_dostepnosci": 29,
    "status": "Mała liczba miejsc"
  },
  {
    "trybuna": "I im. T. Anioły",
    "sektor": "F",
    "poziom_dostepnosci": 20,
    "status": "Mała liczba miejsc"
  },
  {
    "trybuna": "I im. T. Anioły",
    "sektor": "F3",
    "poziom_dostepnosci": 17,
    "status": "Dostępne"
  },
  {
    "trybuna": "I im. T. Anioły",
    "sektor": "F4",
    "poziom_dostepnosci": 30,
    "status": "Prawie pusta"
  },
  {
    "trybuna": "I im. T. Anioły",
    "sektor": "G",
    "poziom_dostepnosci": 21,
    "status": "Mała liczba miejsc"
  },
  {
    "trybuna": "I im. T. Anioły",
    "sektor": "G3",
    "poziom_dostepnosci": 13,
    "status": "Dostępne"
  },
  {
    "trybuna": "I im. T. Anioły",
    "sektor": "G4",
    "poziom_dostepnosci": 29,
    "status": "Mała liczba miejsc"
  },
  {
    "trybuna": "I im. T. Anioły",
    "sektor": "H",
    "poziom_dostepnosci": 31,
    "status": "Prawie pusta"
  },
  {
    "trybuna": "I im. T. Anioły",
    "sektor": "H3",
    "poziom_dostepnosci": 13,
    "status": "Dostępne"
  },
  {
    "trybuna": "I im. T. Anioły",
    "sektor": "H4",
    "poziom_dostepnosci": 30,
    "status": "Prawie pusta"
  },
  {
    "trybuna": "I im. T. Anioły",
    "sektor": "I1",
    "poziom_dostepnosci": 16,
    "status": "Dostępne"
  },
  {
    "trybuna": "I im. T. Anioły",
    "sektor": "I2",
    "poziom_dostepnosci": 24,
    "status": "Mała liczba miejsc"
  },
  {
    "trybuna": "I im. T. Anioły",
    "sektor": "I3",
    "poziom_dostepnosci": 16,
    "status": "Dostępne"
  },
  {
    "trybuna": "I im. T. Anioły",
    "sektor": "I4",
    "poziom_dostepnosci": 30,
    "status": "Prawie pusta"
  },
  {
    "trybuna": "I im. T. Anioły",
    "sektor": "J1",
    "poziom_dostepnosci": 14,
    "status": "Dostępne"
  },
  {
    "trybuna": "I im. T. Anioły",
    "sektor": "J2",
    "poziom_dostepnosci": 23,
    "status": "Mała liczba miejsc"
  },
  {
    "trybuna": "I im. T. Anioły",
    "sektor": "J3",
    "poziom_dostepnosci": 34,
    "status": "Prawie pusta"
  },
  {
    "trybuna": "I im. T. Anioły",
    "sektor": "J4",
    "poziom_dostepnosci": 27,
    "status": "Mała liczba miejsc"
  },
  {
    "trybuna": "I im. T. Anioły",
    "sektor": "K1",
    "poziom_dostepnosci": 14,
    "status": "Dostępne"
  },
  {
    "trybuna": "I im. T. Anioły",
    "sektor": "K2",
    "poziom_dostepnosci": 19,
    "status": "Dostępne"
  },
  {
    "trybuna": "I im. T. Anioły",
    "sektor": "K3",
    "poziom_dostepnosci": 23,
    "status": "Mała liczba miejsc"
  },
  {
    "trybuna": "I im. T. Anioły",
    "sektor": "K4",
    "poziom_dostepnosci": 23,
    "status": "Mała liczba miejsc"
  },
  {
    "trybuna": "I im. T. Anioły",
    "sektor": "L1",
    "poziom_dostepnosci": 12,
    "status": "Dostępne"
  },
  {
    "trybuna": "I im. T. Anioły",
    "sektor": "L2",
    "poziom_dostepnosci": 15,
    "status": "Dostępne"
  },
  {
    "trybuna": "I im. T. Anioły",
    "sektor": "L3",
    "poziom_dostepnosci": 36,
    "status": "Prawie pusta"
  },
  {
    "trybuna": "I im. T. Anioły",
    "sektor": "L4",
    "poziom_dostepnosci": 20,
    "status": "Mała liczba miejsc"
  },
  {
    "trybuna": "I im. T. Anioły",
    "sektor": "M1",
    "poziom_dostepnosci": 13,
    "status": "Dostępne"
  },
  {
    "trybuna": "I im. T. Anioły",
    "sektor": "M2",
    "poziom_dostepnosci": 19,
    "status": "Dostępne"
  },
  {
    "trybuna": "I im. T. Anioły",
    "sektor": "M3",
    "poziom_dostepnosci": 34,
    "status": "Prawie pusta"
  },
  {
    "trybuna": "I im. T. Anioły",
    "sektor": "M4",
    "poziom_dostepnosci": 22,
    "status": "Mała liczba miejsc"
  },
  {
    "trybuna": "I im. T. Anioły",
    "sektor": "N1",
    "poziom_dostepnosci": 15,
    "status": "Dostępne"
  },
  {
    "trybuna": "I im. T. Anioły",
    "sektor": "N2",
    "poziom_dostepnosci": 23,
    "status": "Mała liczba miejsc"
  },
  {
    "trybuna": "I im. T. Anioły",
    "sektor": "N3",
    "poziom_dostepnosci": 30,
    "status": "Prawie pusta"
  },
  {
    "trybuna": "I im. T. Anioły",
    "sektor": "N4",
    "poziom_dostepnosci": 13,
    "status": "Dostępne"
  },
  {
    "trybuna": "I im. T. Anioły",
    "sektor": "O3",
    "poziom_dostepnosci": 24,
    "status": "Mała liczba miejsc"
  },
  {
    "trybuna": "I im. T. Anioły",
    "sektor": "P3",
    "poziom_dostepnosci": 18,
    "status": "Dostępne"
  },
  {
    "trybuna": "I im. T. Anioły",
    "sektor": "PHOTO",
    "poziom_dostepnosci": 1,
    "status": "Dostępne"
  },
  {
    "trybuna": "I im. T. Anioły",
    "sektor": "PREZYDENCKA",
    "poziom_dostepnosci": 1,
    "status": "Dostępne"
  },
  {
    "trybuna": "I im. T. Anioły",
    "sektor": "R3",
    "poziom_dostepnosci": 34,
    "status": "Prawie pusta"
  },
  {
    "trybuna": "I im. T. Anioły",
    "sektor": "rezerwowy",
    "poziom_dostepnosci": 1,
    "status": "Dostępne"
  },
  {
    "trybuna": "I im. T. Anioły",
    "sektor": "S3",
    "poziom_dostepnosci": 15,
    "status": "Dostępne"
  },
  {
    "trybuna": "I im. T. Anioły",
    "sektor": "Skybox 10",
    "poziom_dostepnosci": 1,
    "status": "Dostępne"
  },
  {
    "trybuna": "I im. T. Anioły",
    "sektor": "Skybox 11",
    "poziom_dostepnosci": 1,
    "status": "Dostępne"
  },
  {
    "trybuna": "I im. T. Anioły",
    "sektor": "Skybox 12",
    "poziom_dostepnosci": 1,
    "status": "Dostępne"
  },
  {
    "trybuna": "I im. T. Anioły",
    "sektor": "Skybox 13",
    "poziom_dostepnosci": 1,
    "status": "Dostępne"
  },
  {
    "trybuna": "I im. T. Anioły",
    "sektor": "Skybox 14",
    "poziom_dostepnosci": 1,
    "status": "Dostępne"
  },
  {
    "trybuna": "I im. T. Anioły",
    "sektor": "Skybox 15",
    "poziom_dostepnosci": 1,
    "status": "Dostępne"
  },
  {
    "trybuna": "I im. T. Anioły",
    "sektor": "Skybox 16",
    "poziom_dostepnosci": 1,
    "status": "Dostępne"
  },
  {
    "trybuna": "I im. T. Anioły",
    "sektor": "Skybox 17",
    "poziom_dostepnosci": 1,
    "status": "Dostępne"
  },
  {
    "trybuna": "I im. T. Anioły",
    "sektor": "Skybox 18",
    "poziom_dostepnosci": 1,
    "status": "Dostępne"
  },
  {
    "trybuna": "I im. T. Anioły",
    "sektor": "SKYBOX 1 KLUBOWA",
    "poziom_dostepnosci": 1,
    "status": "Dostępne"
  },
  {
    "trybuna": "I im. T. Anioły",
    "sektor": "Skybox 2",
    "poziom_dostepnosci": 1,
    "status": "Dostępne"
  },
  {
    "trybuna": "I im. T. Anioły",
    "sektor": "Skybox 3",
    "poziom_dostepnosci": 1,
    "status": "Dostępne"
  },
  {
    "trybuna": "I im. T. Anioły",
    "sektor": "Skybox 4",
    "poziom_dostepnosci": 1,
    "status": "Dostępne"
  },
  {
    "trybuna": "I im. T. Anioły",
    "sektor": "Skybox 5",
    "poziom_dostepnosci": 1,
    "status": "Dostępne"
  },
  {
    "trybuna": "I im. T. Anioły",
    "sektor": "Skybox 6",
    "poziom_dostepnosci": 1,
    "status": "Dostępne"
  },
  {
    "trybuna": "I im. T. Anioły",
    "sektor": "Skybox 7 AMICA",
    "poziom_dostepnosci": 1,
    "status": "Dostępne"
  },
  {
    "trybuna": "I im. T. Anioły",
    "sektor": "Skybox 8",
    "poziom_dostepnosci": 1,
    "status": "Dostępne"
  },
  {
    "trybuna": "I im. T. Anioły",
    "sektor": "Skybox 9",
    "poziom_dostepnosci": 1,
    "status": "Dostępne"
  },
  {
    "trybuna": "I im. T. Anioły",
    "sektor": "T3",
    "poziom_dostepnosci": 27,
    "status": "Mała liczba miejsc"
  },
  {
    "trybuna": "II Trybuna",
    "sektor": "A4",
    "poziom_dostepnosci": 29,
    "status": "Mała liczba miejsc"
  },
  {
    "trybuna": "II Trybuna",
    "sektor": "B4",
    "poziom_dostepnosci": 30,
    "status": "Prawie pusta"
  },
  {
    "trybuna": "II Trybuna",
    "sektor": "C4",
    "poziom_dostepnosci": 3,
    "status": "Dostępne"
  },
  {
    "trybuna": "II Trybuna",
    "sektor": "D4",
    "poziom_dostepnosci": 29,
    "status": "Mała liczba miejsc"
  },
  {
    "trybuna": "II Trybuna",
    "sektor": "E4",
    "poziom_dostepnosci": 31,
    "status": "Prawie pusta"
  },
  {
    "trybuna": "II Trybuna",
    "sektor": "F4",
    "poziom_dostepnosci": 5,
    "status": "Dostępne"
  },
  {
    "trybuna": "II Trybuna",
    "sektor": "G4",
    "poziom_dostepnosci": 29,
    "status": "Mała liczba miejsc"
  },
  {
    "trybuna": "II Trybuna",
    "sektor": "H4",
    "poziom_dostepnosci": 31,
    "status": "Prawie pusta"
  },
  {
    "trybuna": "II Trybuna",
    "sektor": "I4",
    "poziom_dostepnosci": 5,
    "status": "Dostępne"
  },
  {
    "trybuna": "II Trybuna",
    "sektor": "J4",
    "poziom_dostepnosci": 29,
    "status": "Mała liczba miejsc"
  },
  {
    "trybuna": "II Trybuna",
    "sektor": "K4",
    "poziom_dostepnosci": 31,
    "status": "Prawie pusta"
  },
  {
    "trybuna": "II Trybuna",
    "sektor": "L4",
    "poziom_dostepnosci": 5,
    "status": "Dostępne"
  },
  {
    "trybuna": "II Trybuna",
    "sektor": "M4",
    "poziom_dostepnosci": 29,
    "status": "Mała liczba miejsc"
  },
  {
    "trybuna": "II Trybuna",
    "sektor": "N4",
    "poziom_dostepnosci": 31,
    "status": "Prawie pusta"
  },
  {
    "trybuna": "II Trybuna",
    "sektor": "O4",
    "poziom_dostepnosci": 5,
    "status": "Dostępne"
  },
  {
    "trybuna": "II Trybuna",
    "sektor": "P4",
    "poziom_dostepnosci": 28,
    "status": "Mała liczba miejsc"
  },
  {
    "trybuna": "II Trybuna",
    "sektor": "R4",
    "poziom_dostepnosci": 29,
    "status": "Mała liczba miejsc"
  },
  {
    "trybuna": "II Trybuna",
    "sektor": "S4",
    "poziom_dostepnosci": 4,
    "status": "Dostępne"
  },
  {
    "trybuna": "IV im. E. Białasa",
    "sektor": "11",
    "poziom_dostepnosci": 1,
    "status": "Dostępne"
  },
  {
    "trybuna": "IV im. E. Białasa",
    "sektor": "12",
    "poziom_dostepnosci": 1,
    "status": "Dostępne"
  },
  {
    "trybuna": "IV im. E. Białasa",
    "sektor": "17",
    "poziom_dostepnosci": 1,
    "status": "Dostępne"
  },
  {
    "trybuna": "IV im. E. Białasa",
    "sektor": "9",
    "poziom_dostepnosci": 1,
    "status": "Dostępne"
  },
  {
    "trybuna": "IV im. E. Białasa",
    "sektor": "A1",
    "poziom_dostepnosci": 13,
    "status": "Dostępne"
  },
  {
    "trybuna": "IV im. E. Białasa",
    "sektor": "A2",
    "poziom_dostepnosci": 23,
    "status": "Mała liczba miejsc"
  },
  {
    "trybuna": "IV im. E. Białasa",
    "sektor": "B1",
    "poziom_dostepnosci": 6,
    "status": "Dostępne"
  },
  {
    "trybuna": "IV im. E. Białasa",
    "sektor": "B2",
    "poziom_dostepnosci": 16,
    "status": "Dostępne"
  },
  {
    "trybuna": "IV im. E. Białasa",
    "sektor": "C1",
    "poziom_dostepnosci": 27,
    "status": "Mała liczba miejsc"
  },
  {
    "trybuna": "IV im. E. Białasa",
    "sektor": "C2",
    "poziom_dostepnosci": 17,
    "status": "Dostępne"
  },
  {
    "trybuna": "IV im. E. Białasa",
    "sektor": "D1",
    "poziom_dostepnosci": 25,
    "status": "Mała liczba miejsc"
  },
  {
    "trybuna": "IV im. E. Białasa",
    "sektor": "D2",
    "poziom_dostepnosci": 8,
    "status": "Dostępne"
  },
  {
    "trybuna": "IV im. E. Białasa",
    "sektor": "E1",
    "poziom_dostepnosci": 25,
    "status": "Mała liczba miejsc"
  },
  {
    "trybuna": "IV im. E. Białasa",
    "sektor": "E2",
    "poziom_dostepnosci": 10,
    "status": "Dostępne"
  },
  {
    "trybuna": "IV im. E. Białasa",
    "sektor": "F1",
    "poziom_dostepnosci": 22,
    "status": "Mała liczba miejsc"
  },
  {
    "trybuna": "IV im. E. Białasa",
    "sektor": "F2",
    "poziom_dostepnosci": 24,
    "status": "Mała liczba miejsc"
  },
  {
    "trybuna": "IV im. E. Białasa",
    "sektor": "G1",
    "poziom_dostepnosci": 24,
    "status": "Mała liczba miejsc"
  },
  {
    "trybuna": "IV im. E. Białasa",
    "sektor": "G2",
    "poziom_dostepnosci": 24,
    "status": "Mała liczba miejsc"
  },
  {
    "trybuna": "IV im. E. Białasa",
    "sektor": "H1",
    "poziom_dostepnosci": 24,
    "status": "Mała liczba miejsc"
  },
  {
    "trybuna": "IV im. E. Białasa",
    "sektor": "H2",
    "poziom_dostepnosci": 24,
    "status": "Mała liczba miejsc"
  },
  {
    "trybuna": "IV im. E. Białasa",
    "sektor": "I1",
    "poziom_dostepnosci": 22,
    "status": "Mała liczba miejsc"
  },
  {
    "trybuna": "IV im. E. Białasa",
    "sektor": "I2",
    "poziom_dostepnosci": 24,
    "status": "Mała liczba miejsc"
  },
  {
    "trybuna": "IV im. E. Białasa",
    "sektor": "J1",
    "poziom_dostepnosci": 25,
    "status": "Mała liczba miejsc"
  },
  {
    "trybuna": "IV im. E. Białasa",
    "sektor": "J2",
    "poziom_dostepnosci": 24,
    "status": "Mała liczba miejsc"
  },
  {
    "trybuna": "IV im. E. Białasa",
    "sektor": "K1",
    "poziom_dostepnosci": 23,
    "status": "Mała liczba miejsc"
  },
  {
    "trybuna": "IV im. E. Białasa",
    "sektor": "K2",
    "poziom_dostepnosci": 24,
    "status": "Mała liczba miejsc"
  },
  {
    "trybuna": "IV im. E. Białasa",
    "sektor": "L1",
    "poziom_dostepnosci": 27,
    "status": "Mała liczba miejsc"
  },
  {
    "trybuna": "IV im. E. Białasa",
    "sektor": "L2",
    "poziom_dostepnosci": 24,
    "status": "Mała liczba miejsc"
  },
  {
    "trybuna": "IV im. E. Białasa",
    "sektor": "M1",
    "poziom_dostepnosci": 6,
    "status": "Dostępne"
  },
  {
    "trybuna": "IV im. E. Białasa",
    "sektor": "M2",
    "poziom_dostepnosci": 24,
    "status": "Mała liczba miejsc"
  },
  {
    "trybuna": "IV im. E. Białasa",
    "sektor": "N1",
    "poziom_dostepnosci": 13,
    "status": "Dostępne"
  },
  {
    "trybuna": "IV im. E. Białasa",
    "sektor": "N2",
    "poziom_dostepnosci": 24,
    "status": "Mała liczba miejsc"
  },
  {
    "trybuna": "IV im. E. Białasa",
    "sektor": "O2",
    "poziom_dostepnosci": 24,
    "status": "Mała liczba miejsc"
  },
  {
    "trybuna": "IV im. E. Białasa",
    "sektor": "P2",
    "poziom_dostepnosci": 9,
    "status": "Dostępne"
  },
  {
    "trybuna": "IV im. E. Białasa",
    "sektor": "R2",
    "poziom_dostepnosci": 8,
    "status": "Dostępne"
  },
  {
    "trybuna": "IV im. E. Białasa",
    "sektor": "rezerwowy",
    "poziom_dostepnosci": 1,
    "status": "Dostępne"
  },
  {
    "trybuna": "IV im. E. Białasa",
    "sektor": "S2",
    "poziom_dostepnosci": 17,
    "status": "Dostępne"
  },
  {
    "trybuna": "IV im. E. Białasa",
    "sektor": "T2",
    "poziom_dostepnosci": 16,
    "status": "Dostępne"
  },
  {
    "trybuna": "IV im. E. Białasa",
    "sektor": "U2",
    "poziom_dostepnosci": 23,
    "status": "Mała liczba miejsc"
  }
]